deployment,call_type,original_detections,reviewed_truth_calls,true_positive,false_positive,false_negative,precision,recall,f1_score
CalCurCEAS_001,Blue A,0,0,0,0,0,,,
CalCurCEAS_001,Blue B,1,2,1,0,1,1,0.5,0.667
CalCurCEAS_001,Blue D,0,0,0,0,0,,,
CalCurCEAS_001,Fin 20 Hz,36,25,23,13,2,0.639,0.92,0.754
CalCurCEAS_001,Fin 40 Hz,1,0,0,1,0,0,,
CalCurCEAS_001,Sei DS,2,0,0,2,0,0,,
CalCurCEAS_002,Blue A,0,0,0,0,0,,,
CalCurCEAS_002,Blue B,0,0,0,0,0,,,
CalCurCEAS_002,Blue D,0,0,0,0,0,,,
CalCurCEAS_002,Fin 20 Hz,157,173,133,24,40,0.847,0.769,0.806
CalCurCEAS_002,Fin 40 Hz,0,0,0,0,0,,,
CalCurCEAS_002,Sei DS,2,4,2,0,2,1,0.5,0.667
CalCurCEAS_004,Blue A,0,0,0,0,0,,,
CalCurCEAS_004,Blue B,0,1,0,0,1,,0,
CalCurCEAS_004,Blue D,0,0,0,0,0,,,
CalCurCEAS_004,Fin 20 Hz,154,203,147,7,56,0.955,0.724,0.824
CalCurCEAS_004,Fin 40 Hz,0,0,0,0,0,,,
CalCurCEAS_004,Sei DS,3,15,3,0,12,1,0.2,0.333
CalCurCEAS_006,Blue A,0,0,0,0,0,,,
CalCurCEAS_006,Blue B,2,2,2,0,0,1,1,1
CalCurCEAS_006,Blue D,1,0,0,1,0,0,,
CalCurCEAS_006,Fin 20 Hz,148,149,137,11,12,0.926,0.919,0.923
CalCurCEAS_006,Fin 40 Hz,0,7,0,0,7,,0,
CalCurCEAS_006,Sei DS,2,2,2,0,0,1,1,1
CalCurCEAS_009,Blue A,0,0,0,0,0,,,
CalCurCEAS_009,Blue B,79,94,78,1,16,0.987,0.83,0.902
CalCurCEAS_009,Blue D,45,73,45,0,28,1,0.616,0.763
CalCurCEAS_009,Fin 20 Hz,168,186,152,16,34,0.905,0.817,0.859
CalCurCEAS_009,Fin 40 Hz,0,8,0,0,8,,0,
CalCurCEAS_009,Sei DS,21,30,18,3,12,0.857,0.6,0.706
CalCurCEAS_011,Blue A,0,0,0,0,0,,,
CalCurCEAS_011,Blue B,84,105,84,0,21,1,0.8,0.889
CalCurCEAS_011,Blue D,6,9,6,0,3,1,0.667,0.8
CalCurCEAS_011,Fin 20 Hz,684,663,571,113,92,0.835,0.861,0.848
CalCurCEAS_011,Fin 40 Hz,0,0,0,0,0,,,
CalCurCEAS_011,Sei DS,33,0,0,33,0,0,,
CalCurCEAS_012,Blue A,6,6,6,0,0,1,1,1
CalCurCEAS_012,Blue B,89,144,89,0,55,1,0.618,0.764
CalCurCEAS_012,Blue D,0,0,0,0,0,,,
CalCurCEAS_012,Fin 20 Hz,766,992,763,3,229,0.996,0.769,0.868
CalCurCEAS_012,Fin 40 Hz,0,0,0,0,0,,,
CalCurCEAS_012,Sei DS,0,0,0,0,0,,,
CalCurCEAS_013,Blue A,1,9,1,0,8,1,0.111,0.2
CalCurCEAS_013,Blue B,43,106,43,0,63,1,0.406,0.577
CalCurCEAS_013,Blue D,0,0,0,0,0,,,
CalCurCEAS_013,Fin 20 Hz,41,88,40,1,48,0.976,0.455,0.62
CalCurCEAS_013,Fin 40 Hz,0,0,0,0,0,,,
CalCurCEAS_013,Sei DS,0,0,0,0,0,,,
CalCurCEAS_015,Blue A,1,1,1,0,0,1,1,1
CalCurCEAS_015,Blue B,109,165,109,0,56,1,0.661,0.796
CalCurCEAS_015,Blue D,5,9,5,0,4,1,0.556,0.714
CalCurCEAS_015,Fin 20 Hz,460,675,456,4,219,0.991,0.676,0.804
CalCurCEAS_015,Fin 40 Hz,0,0,0,0,0,,,
CalCurCEAS_015,Sei DS,5,6,5,0,1,1,0.833,0.909
CalCurCEAS_016,Blue A,1,1,1,0,0,1,1,1
CalCurCEAS_016,Blue B,58,78,58,0,20,1,0.744,0.853
CalCurCEAS_016,Blue D,3,6,3,0,3,1,0.5,0.667
CalCurCEAS_016,Fin 20 Hz,18,24,16,2,8,0.889,0.667,0.762
CalCurCEAS_016,Fin 40 Hz,0,2,0,0,2,,0,
CalCurCEAS_016,Sei DS,2,0,0,2,0,0,,
CalCurCEAS_017,Blue A,3,3,3,0,0,1,1,1
CalCurCEAS_017,Blue B,59,64,56,3,8,0.949,0.875,0.911
CalCurCEAS_017,Blue D,8,11,8,0,3,1,0.727,0.842
CalCurCEAS_017,Fin 20 Hz,21,18,17,4,1,0.81,0.944,0.872
CalCurCEAS_017,Fin 40 Hz,1,1,1,0,0,1,1,1
CalCurCEAS_017,Sei DS,10,13,10,0,3,1,0.769,0.87
CalCurCEAS_018,Blue A,0,0,0,0,0,,,
CalCurCEAS_018,Blue B,101,116,97,4,19,0.96,0.836,0.894
CalCurCEAS_018,Blue D,5,5,5,0,0,1,1,1
CalCurCEAS_018,Fin 20 Hz,14,15,14,0,1,1,0.933,0.966
CalCurCEAS_018,Fin 40 Hz,0,0,0,0,0,,,
CalCurCEAS_018,Sei DS,49,134,49,0,85,1,0.366,0.536
CalCurCEAS_020,Blue A,35,35,35,0,0,1,1,1
CalCurCEAS_020,Blue B,376,498,374,2,124,0.995,0.751,0.856
CalCurCEAS_020,Blue D,2,4,2,0,2,1,0.5,0.667
CalCurCEAS_020,Fin 20 Hz,708,917,689,19,228,0.973,0.751,0.848
CalCurCEAS_020,Fin 40 Hz,0,0,0,0,0,,,
CalCurCEAS_020,Sei DS,21,28,16,5,12,0.762,0.571,0.653
CalCurCEAS_021,Blue A,46,46,46,0,0,1,1,1
CalCurCEAS_021,Blue B,250,354,250,0,104,1,0.706,0.828
CalCurCEAS_021,Blue D,5,12,5,0,7,1,0.417,0.588
CalCurCEAS_021,Fin 20 Hz,1152,1727,1148,4,579,0.997,0.665,0.797
CalCurCEAS_021,Fin 40 Hz,1,8,1,0,7,1,0.125,0.222
CalCurCEAS_021,Sei DS,24,38,22,2,16,0.917,0.579,0.71
CalCurCEAS_022,Blue A,8,8,8,0,0,1,1,1
CalCurCEAS_022,Blue B,450,570,433,17,137,0.962,0.76,0.849
CalCurCEAS_022,Blue D,2,7,2,0,5,1,0.286,0.444
CalCurCEAS_022,Fin 20 Hz,75,136,75,0,61,1,0.551,0.711
CalCurCEAS_022,Fin 40 Hz,0,0,0,0,0,,,
CalCurCEAS_022,Sei DS,53,84,50,3,34,0.943,0.595,0.73
CalCurCEAS_023,Blue A,38,38,38,0,0,1,1,1
CalCurCEAS_023,Blue B,405,644,397,8,247,0.98,0.616,0.757
CalCurCEAS_023,Blue D,12,20,10,2,10,0.833,0.5,0.625
CalCurCEAS_023,Fin 20 Hz,231,375,229,2,146,0.991,0.611,0.756
CalCurCEAS_023,Fin 40 Hz,0,0,0,0,0,,,
CalCurCEAS_023,Sei DS,16,45,15,1,30,0.938,0.333,0.492
CalCurCEAS_024,Blue A,20,19,19,1,0,0.95,1,0.974
CalCurCEAS_024,Blue B,319,467,319,0,148,1,0.683,0.812
CalCurCEAS_024,Blue D,7,8,7,0,1,1,0.875,0.933
CalCurCEAS_024,Fin 20 Hz,1101,1663,1098,3,565,0.997,0.66,0.795
CalCurCEAS_024,Fin 40 Hz,1,22,0,1,22,0,0,
CalCurCEAS_024,Sei DS,19,29,15,4,14,0.789,0.517,0.625
CalCurCEAS_025,Blue A,90,96,90,0,6,1,0.938,0.968
CalCurCEAS_025,Blue B,409,748,409,0,339,1,0.547,0.707
CalCurCEAS_025,Blue D,3,2,2,1,0,0.667,1,0.8
CalCurCEAS_025,Fin 20 Hz,2898,3436,2879,19,557,0.993,0.838,0.909
CalCurCEAS_025,Fin 40 Hz,8,67,5,3,62,0.625,0.075,0.133
CalCurCEAS_025,Sei DS,86,167,81,5,86,0.942,0.485,0.64
CalCurCEAS_026,Blue A,2,2,2,0,0,1,1,1
CalCurCEAS_026,Blue B,191,240,189,2,51,0.99,0.787,0.877
CalCurCEAS_026,Blue D,4,7,4,0,3,1,0.571,0.727
CalCurCEAS_026,Fin 20 Hz,138,180,137,1,43,0.993,0.761,0.862
CalCurCEAS_026,Fin 40 Hz,0,0,0,0,0,,,
CalCurCEAS_026,Sei DS,72,150,71,1,79,0.986,0.473,0.64
CalCurCEAS_027,Blue A,13,14,13,0,1,1,0.929,0.963
CalCurCEAS_027,Blue B,202,326,201,1,125,0.995,0.617,0.761
CalCurCEAS_027,Blue D,1,6,1,0,5,1,0.167,0.286
CalCurCEAS_027,Fin 20 Hz,164,219,163,1,56,0.994,0.744,0.851
CalCurCEAS_027,Fin 40 Hz,0,0,0,0,0,,,
CalCurCEAS_027,Sei DS,36,74,35,1,39,0.972,0.473,0.636
